{
  "nodes": {
    "a": {"label": "སེམས་ཉིད་"}, 
    "c": {"label": "སེམས་ཉིད་"},  
    "b": {"label": "སེམས་ཉིད་"},  
    "e": {"label": "སེམས་ཉིད་"},  
    "d": {"label": "སེམས་ཉིད་"},  
    "f": {"label": "སེམས་ཉིད་"},  
    "g": {"label": "སེམས་ཉིད་"},  
    "h": {"label": "སེམས་ཉིད་"},  
    "i": {"label": "སེམས་ཉིད་"},  
    "j": {"label": "སེམས་ཉིད་"},  
    "k": {"label": "སེམས་ཉིད་"}
  }, 
  "edges": {
    "a": {
      "b": {"weight": 0.21548800000000001},
      "c": {"weight": 0.21548800000000001},
      "d": {"weight": 0.21548800000000001},
      "e": {"weight": 0.21548800000000001},
      "f": {"weight": 0.21548800000000001},
      "g": {"weight": 0.21548800000000001},
      "h": {"weight": 0.21548800000000001},
      "i": {"weight": 0.21548800000000001},
      "j": {"weight": 0.21548800000000001},
      "k": {"weight": 0.21548800000000001}
    }
  }, 
  "_": "some text"
}